Time[s], Channel 0
0.000000000000000, 1
1.067857500000000, 0
1.218680500000000, 1
1.637514000000000, 0
1.755748000000000, 1
2.243972500000000, 0
2.328784000000000, 1
2.568163000000000, 0
2.654463000000000, 1
2.787342500000000, 0
2.863161500000000, 1
2.863200000000000, 0
2.863262000000000, 1
2.958770000000000, 0
3.025313000000000, 1
3.025363500000000, 0
3.025701500000000, 1
3.138695000000000, 0
3.204576500000000, 1
3.204577500000000, 0
3.204715000000000, 1
3.204717500000000, 0
3.204767000000000, 1
3.330645500000000, 0
3.407443000000000, 1
3.407458000000000, 0
3.407616000000000, 1
3.407656000000000, 0
3.407729000000000, 1
3.549337500000000, 0
3.621950000000000, 1
3.800754500000000, 0
3.891726000000000, 1
